4609,6736,5853,1383,8975,4437,9621,7044,4432,9890,3080,7303,6432,6421,8839,6503,5761,2224,8861,1758,517,9014,2176,6394,443,6339,481,7849,6694,2319,1016,6158,3281,3855,6688,290,1415,452,7896,450,9976,5052,6162,8125,850,6729,1215,8167,938,8834,4811,8192,2433,7246,5245,195,6909,6172,9021,8796,2287,7670,7257,7690,9076,3861,8386,6716,7535,6898,547,4514,2734,9926,7724,9196,6732,3359,8893,7681,6831,1324,9180,3431
9173,6353,3309,5354,1263,778,4626,4438,5704
382,2073,7725,9556,1634
8098
9519,5638,447,8261,7741,5458,3461,6909,9231,1465,1193,5736,143,8305,1549,5645,4620,166,8256,8463,3747,3574,1117,2428,1087,478,4514,8070,6368,2435,2114,785,8838,6830,1202,5779,5632,2856,1907,1703,2058,5970,1919,1943,5463,5979,1235,6520,3403,7251
1822,7217,4044,1247,9197,585,6915,863,1693,2990,8457,2162,3881,8088,8157,6336,2491,2549
4390,4224,9439,5083,9402,3632,3879,8448,1559,4816,4472,3501,2712,5850,8302,9580,6648,1174,3506,9708,9313,8498,3941,9201,3457,7592
2799,2042,5030,2700,6184,5679,6912,9059
4120,3093,6840,4207,455,1721,5938,9515,4978,1542,8394,5950,7064,7507,6290,7432,7756,5221,7950,9600,241,672,9197,3184
7899,6710,5031,8694,1395
7560,3823,8780,2160,9943,1947,4037,7545,8853,3570,4082,6071,1753,803,4322,5696,9771,767
927,2784,9513,6134,8962,3208,1425,2069,3070,1777,7556,7892,4676
1034,2333,2619,6591,8719,8171,4456,8887,2622,1785,1495,955,7933,1926,8971,8581,8050,3154,6804,8074,3812,5523,9919,507,2834,1307,3550,6348,5202,3935,3360,5416,9524,1652,651,4158,5481,2623,7440,2384,1167,3196,4338,8408,1897,6954,9024,2404,3469,2461,5699,8694,3445,2797,1991,9248,3772,425,3952,2799,1182,9315,6513,2258,8998,25,2616,7105,9871,1969,2913,9575,4206,675,47,4646,128,4080,8754,7325,4226,4614
8904,8390,3693,2345,6531,3871,2502,8598,1405,1990,5343,8616,259,6086,9607,2190,9495,726,705,4469,7965
2214,9737,8783,2005,3283,6092,834,2194,7827,628,2044
5881,5399,5458,4652,5265,7494,3737,6672,4534,6348
6632,1215,5849,4914,3738,6833,7661,7227,5345,3040,2931,4991
5495,8796,7815,924,7639,3192,2929,1608,3606,4897,3100,5094,5617,5167,78,7955,8921,6820,1843,3593,8773,2825,9970,6997,9966,3392,8098,9154,4626,2842,260,8557,9122,9775,1538,8537,4082,5191,2600,5655,5528,6822,9823,3215,2596,7516,9401,8405,3201,3327,1161,9705,3880,9815,1540,3638,8281,7797,1962,4483,8998,8693,2684,9265,4954,3851,1728,7164,1793,9134,2212,7467,3285,5264,4328,4295,3334,5065,5920,9044,886,2738,6906,3138,5638,9388,9263,4611,4677,9172,3087,2407,1203,5240
2858,3835,8814,7287,6797,379,4672,1514,2541,6779
7111
6541,3988,2362,8384,435,1304,6237,2082,2853,2692,3126,9653,6129,5976,6882,4320,1290,7115,4258,7906,4877,3091,5443,8221,6285,5206,4807,5354,1981,4761,817,6798,6912,9031,9771,9752,7341,73,8539,2881,1416,8535,6527,7712,7191,3146,1103
2791
2168,7003
3348,2306
450,2531,201,2771,4359,2549,8122,7513,9971
676,1504,7142,4680,7950,1802,5664,9115,5540,7063,7839,2046,5246,8515,1699,6540,2453,434,3060,7764
4562,4328,650,5234,3346,3096,4270,866,9849,4175,3344,5192,7132,7065,3737,5237,3333,1992,3524,5562,7690,185,7712,3156,815
1229,3985
8422,3165,2189,4943,8035,7976,1740,8772,3414,266,5151,4056,5792,6478,2379,1487,8022,3521,2873,9765,7390,3677,5750,9548,9849,2229,1237,8715,5925,7382,805,1542,3463,2319,8817,5921,1671,9929,8848,375,3203,9030,6506,4501,5442,5525,5864,5327,3198,1376,515,3830,1414,7414,8176,4266,3761,1203,5310,6441,7259,8585,2913,5550,7833,9253,1801,9475,6304,1461,7513,4513,2402,3307,4059,570,7208,4004,1272,1780,234,6152,3615,9109,6165,6250,8095,2745,3193,9232,5580,941,8326,1285,4031,9519,1180,7900
6361,7137,1824,1600,6227,1908,6987,769,2118
3245,8853,8728,5719
7231,8521,5086,858,281,2673,4042,5701,5133,4128,157,2329,1371,6836,1542,9776,8587,4199,6723,1497
5925,8693,90,3331,6650,41
7101,8120,6556,7265,6834,4734,5442,242,7855,1194,2745,9681,6372,5791,6373,3198,6421,2762,5142,1706,4954,9343,2726,4960,8119,6347,1542,693,9340,9849,1162,1503,201,2369,2131,3544,1799,5059,9802,7690,4458,9240,7111,1426,1933,7010,6017,179,8975,7984,8147,404,2167,4481,8495,1589,6465,1047,2608,6040,7428,8901,7990,9847,3010,8181,1307,2918,760,9134,8997,7729,5410,3193,6999,8902,6247,4490,3658,5360,3848,1640,658,8929,8633,786,9175,4055
526,1482,9051,729,2430,4227,7829,9114,6177,9036,2793,9943,2536,2439,1763,1237,2580,7454,6679,2667,4251
1643,3520,6181,3888,5052,9304,6897,2724,9321,9617,1536,8438,8358,7842,6515,6344,3671,4560,5829,5406,4232,2734,9040,1775,2043,2221,5001,1387,656,939,8604,8119,6265,9410,3319,3095,2392,9144,3892,7369,62,1270,3138,8678,1567,1957,905,1962,835,4464,218,6150,6582,8936,4530,8458,7765,2851,6371,2743,6454,67,4281,3992,2232,2871,4978,455,8944,9249,6683,9849,8273,8802,9969,5147,890,310,9232,590,9919,4577,9989,4939,6789,5448,4559,3047,270,7104,1243,7266,8246
5150,4335,5,5334,8957,2573,9035,9178,3325,4680
8801,9820,7381,8249,2231,2612,9174,2430,3501,3516,3322,7220,3799,5436,9232,3755,8203,285,9598,8547,9788,6890,3147,7934,9466,3467,9959,5492,6330,49,5546,6848,5079,8458,9746,7876,5454,7878,8389,3120,8798,3509,6255,3769,6799
659,9981,7942,6062,1620,8816
3332,3792,3552,6729,8119
4547,3631,9805,3910,2040,5470,4752,8231,9473,3564,1352
5665,6757,8133,162,3413,270,8028,7021,4050,8035
5843,9827,2144,1398,7107,3501,1990,9740,4833,5074,1908,5537,1473,4909,5829,12,8978,979,6595,1476,502,1983,6356,2088,6931,9418,8711,2355,7332,9232,9014,2508,5071,109,2107,107,765,310,4622
3893,4355,4969,4517,4636,6861,4276,4006,7329,5981,1143,9562,1641,7593,8334,4341,721,4617,8119,8358,892,532,8341,9026,6310,9030,5350,4088,1476,4313,2681,3771
9658,2585,9551,9805,6941,6150,6900,6909,5150
1932,4682,8304,8604,597,7712,1920,3660,3010,1100,1822,5375,2998,2495,5441,9261
4539,8921,5003,6427
2586,9169,4221,5607,6542,6315
8700,6614,2480,2908,6046,956,2381,225,8387,498,7325,9425,4081,1264,4694,3406,1835,3184,6101,223,7074,4168,9678,750,4209,6970,548,4368,964
4406,8117,2280,5578,4451,3853,501,3234,4229,1000,4694,6451,5711,5204,8963,225,1898,563,7501,4672,9487,7295,8770,274,2292,5943,2631,9736,4358,946,1500,4148,1257,5035,105,7122,6661,4536,2818,4247,8905,4315,5849,1250,1045,6273,7265,4953
4609,6736,5853,1383,8975,4437,9621,7044,4432,9890,3080,7303,6432,6421,8839,6503,5761,2224,8861,1758,517,9014,2176,6394,443,6339,481,7849,6694,2319,1016,6158,3281,3855,6688,290,1415,452,7896,450,9976,5052,6162,8125,850,6729,1215,8167,938,8834,4811,8192,2433,7246,5245,195,6909,6172,9021,8796,2287,7670,7257,7690,9076,3861,8386,6716,7535,6898,547,4514,2734,9926,7724,9196,6732,3359,8893,7681,6831,1324,9180,3431
9173,6353,3309,5354,1263,778,4626,4438,5704
382,2073,7725,9556,1634
8098
9519,5638,447,8261,7741,5458,3461,6909,9231,1465,1193,5736,143,8305,1549,5645,4620,166,8256,8463,3747,3574,1117,2428,1087,478,4514,8070,6368,2435,2114,785,8838,6830,1202,5779,5632,2856,1907,1703,2058,5970,1919,1943,5463,5979,1235,6520,3403,7251
1822,7217,4044,1247,9197,585,6915,863,1693,2990,8457,2162,3881,8088,8157,6336,2491,2549
4390,4224,9439,5083,9402,3632,3879,8448,1559,4816,4472,3501,2712,5850,8302,9580,6648,1174,3506,9708,9313,8498,3941,9201,3457,7592
2799,2042,5030,2700,6184,5679,6912,9059
4120,3093,6840,4207,455,1721,5938,9515,4978,1542,8394,5950,7064,7507,6290,7432,7756,5221,7950,9600,241,672,9197,3184
7899,6710,5031,8694,1395
7560,3823,8780,2160,9943,1947,4037,7545,8853,3570,4082,6071,1753,803,4322,5696,9771,767
927,2784,9513,6134,8962,3208,1425,2069,3070,1777,7556,7892,4676
1034,2333,2619,6591,8719,8171,4456,8887,2622,1785,1495,955,7933,1926,8971,8581,8050,3154,6804,8074,3812,5523,9919,507,2834,1307,3550,6348,5202,3935,3360,5416,9524,1652,651,4158,5481,2623,7440,2384,1167,3196,4338,8408,1897,6954,9024,2404,3469,2461,5699,8694,3445,2797,1991,9248,3772,425,3952,2799,1182,9315,6513,2258,8998,25,2616,7105,9871,1969,2913,9575,4206,675,47,4646,128,4080,8754,7325,4226,4614
8904,8390,3693,2345,6531,3871,2502,8598,1405,1990,5343,8616,259,6086,9607,2190,9495,726,705,4469,7965
2214,9737,8783,2005,3283,6092,834,2194,7827,628,2044
5881,5399,5458,4652,5265,7494,3737,6672,4534,6348
6632,1215,5849,4914,3738,6833,7661,7227,5345,3040,2931,4991
5495,8796,7815,924,7639,3192,2929,1608,3606,4897,3100,5094,5617,5167,78,7955,8921,6820,1843,3593,8773,2825,9970,6997,9966,3392,8098,9154,4626,2842,260,8557,9122,9775,1538,8537,4082,5191,2600,5655,5528,6822,9823,3215,2596,7516,9401,8405,3201,3327,1161,9705,3880,9815,1540,3638,8281,7797,1962,4483,8998,8693,2684,9265,4954,3851,1728,7164,1793,9134,2212,7467,3285,5264,4328,4295,3334,5065,5920,9044,886,2738,6906,3138,5638,9388,9263,4611,4677,9172,3087,2407,1203,5240
2858,3835,8814,7287,6797,379,4672,1514,2541,6779
7111
6541,3988,2362,8384,435,1304,6237,2082,2853,2692,3126,9653,6129,5976,6882,4320,1290,7115,4258,7906,4877,3091,5443,8221,6285,5206,4807,5354,1981,4761,817,6798,6912,9031,9771,9752,7341,73,8539,2881,1416,8535,6527,7712,7191,3146,1103
2791
2168,7003
3348,2306
450,2531,201,2771,4359,2549,8122,7513,9971
676,1504,7142,4680,7950,1802,5664,9115,5540,7063,7839,2046,5246,8515,1699,6540,2453,434,3060,7764
4562,4328,650,5234,3346,3096,4270,866,9849,4175,3344,5192,7132,7065,3737,5237,3333,1992,3524,5562,7690,185,7712,3156,815
1229,3985
8422,3165,2189,4943,8035,7976,1740,8772,3414,266,5151,4056,5792,6478,2379,1487,8022,3521,2873,9765,7390,3677,5750,9548,9849,2229,1237,8715,5925,7382,805,1542,3463,2319,8817,5921,1671,9929,8848,375,3203,9030,6506,4501,5442,5525,5864,5327,3198,1376,515,3830,1414,7414,8176,4266,3761,1203,5310,6441,7259,8585,2913,5550,7833,9253,1801,9475,6304,1461,7513,4513,2402,3307,4059,570,7208,4004,1272,1780,234,6152,3615,9109,6165,6250,8095,2745,3193,9232,5580,941,8326,1285,4031,9519,1180,7900
6361,7137,1824,1600,6227,1908,6987,769,2118
3245,8853,8728,5719
7231,8521,5086,858,281,2673,4042,5701,5133,4128,157,2329,1371,6836,1542,9776,8587,4199,6723,1497
5925,8693,90,3331,6650,41
7101,8120,6556,7265,6834,4734,5442,242,7855,1194,2745,9681,6372,5791,6373,3198,6421,2762,5142,1706,4954,9343,2726,4960,8119,6347,1542,693,9340,9849,1162,1503,201,2369,2131,3544,1799,5059,9802,7690,4458,9240,7111,1426,1933,7010,6017,179,8975,7984,8147,404,2167,4481,8495,1589,6465,1047,2608,6040,7428,8901,7990,9847,3010,8181,1307,2918,760,9134,8997,7729,5410,3193,6999,8902,6247,4490,3658,5360,3848,1640,658,8929,8633,786,9175,4055
526,1482,9051,729,2430,4227,7829,9114,6177,9036,2793,9943,2536,2439,1763,1237,2580,7454,6679,2667,4251
1643,3520,6181,3888,5052,9304,6897,2724,9321,9617,1536,8438,8358,7842,6515,6344,3671,4560,5829,5406,4232,2734,9040,1775,2043,2221,5001,1387,656,939,8604,8119,6265,9410,3319,3095,2392,9144,3892,7369,62,1270,3138,8678,1567,1957,905,1962,835,4464,218,6150,6582,8936,4530,8458,7765,2851,6371,2743,6454,67,4281,3992,2232,2871,4978,455,8944,9249,6683,9849,8273,8802,9969,5147,890,310,9232,590,9919,4577,9989,4939,6789,5448,4559,3047,270,7104,1243,7266,8246
5150,4335,5,5334,8957,2573,9035,9178,3325,4680
8801,9820,7381,8249,2231,2612,9174,2430,3501,3516,3322,7220,3799,5436,9232,3755,8203,285,9598,8547,9788,6890,3147,7934,9466,3467,9959,5492,6330,49,5546,6848,5079,8458,9746,7876,5454,7878,8389,3120,8798,3509,6255,3769,6799
659,9981,7942,6062,1620,8816
3332,3792,3552,6729,8119
4547,3631,9805,3910,2040,5470,4752,8231,9473,3564,1352
5665,6757,8133,162,3413,270,8028,7021,4050,8035
5843,9827,2144,1398,7107,3501,1990,9740,4833,5074,1908,5537,1473,4909,5829,12,8978,979,6595,1476,502,1983,6356,2088,6931,9418,8711,2355,7332,9232,9014,2508,5071,109,2107,107,765,310,4622
3893,4355,4969,4517,4636,6861,4276,4006,7329,5981,1143,9562,1641,7593,8334,4341,721,4617,8119,8358,892,532,8341,9026,6310,9030,5350,4088,1476,4313,2681,3771
9658,2585,9551,9805,6941,6150,6900,6909,5150
1932,4682,8304,8604,597,7712,1920,3660,3010,1100,1822,5375,2998,2495,5441,9261
4539,8921,5003,6427
2586,9169,4221,5607,6542,6315
8700,6614,2480,2908,6046,956,2381,225,8387,498,7325,9425,4081,1264,4694,3406,1835,3184,6101,223,7074,4168,9678,750,4209,6970,548,4368,964
4406,8117,2280,5578,4451,3853,501,3234,4229,1000,4694,6451,5711,5204,8963,225,1898,563,7501,4672,9487,7295,8770,274,2292,5943,2631,9736,4358,946,1500,4148,1257,5035,105,7122,6661,4536,2818,4247,8905,4315,5849,1250,1045,6273,7265,4953
