a_hat,N_hat,Nu_hat,No,trial,T,alpha,N,type
9.723185217380527,367.44068682193756,246.44068682193756,121,1,5,0.5,1000.0,Pseudolikelihood
-999.0,553.2044373821465,246.44068682193756,121,1,5,0.5,1000.0,Turing Geometric
-999.0,130.0289425906432,246.44068682193756,121,1,5,0.5,1000.0,Huggins
-999.0,360.125,246.44068682193756,121,1,5,0.5,1000.0,Schnabel
-999.0,312.6756839508589,246.44068682193756,121,1,5,0.5,1000.0,Zelterman
-999.0,280.73333333333335,246.44068682193756,121,1,5,0.5,1000.0,Jackknife k = 4
-999.0,268.6166666666667,246.44068682193756,121,1,5,0.5,1000.0,Jackknife k = 3
-999.0,280.73333333333335,246.44068682193756,121,1,5,0.5,1000.0,Jackknife k = 5
-999.0,632.6923618391056,246.44068682193756,121,1,5,0.5,1000.0,Conway-Maxwell-Poisson
-999.0,262.77025354608014,246.44068682193756,121,1,5,0.5,1000.0,Turing
-999.0,242.25,246.44068682193756,121,1,5,0.5,1000.0,Jackknife k = 2
-999.0,196.2,246.44068682193756,121,1,5,0.5,1000.0,Jackknife k = 1
-999.0,313.0869565217391,246.44068682193756,121,1,5,0.5,1000.0,Chao
4.093613281250001,407.021484375,209.021484375,198,1,10,0.5,1000.0,Pseudolikelihood
-999.0,593.0177757722668,209.021484375,198,1,10,0.5,1000.0,Turing Geometric
-999.0,202.55600269253887,209.021484375,198,1,10,0.5,1000.0,Huggins
-999.0,394.21176470588233,209.021484375,198,1,10,0.5,1000.0,Schnabel
-999.0,425.13331236891304,209.021484375,198,1,10,0.5,1000.0,Zelterman
-999.0,477.4152777777778,209.021484375,198,1,10,0.5,1000.0,Jackknife k = 4
-999.0,445.97361111111104,209.021484375,198,1,10,0.5,1000.0,Jackknife k = 3
-999.0,495.9752976190475,209.021484375,198,1,10,0.5,1000.0,Jackknife k = 5
-999.0,Nonsequential frequencies,209.021484375,198,1,10,0.5,1000.0,Conway-Maxwell-Poisson
-999.0,332.99841648802465,209.021484375,198,1,10,0.5,1000.0,Turing
-999.0,395.9333333333333,209.021484375,198,1,10,0.5,1000.0,Jackknife k = 2
-999.0,318.6,209.021484375,198,1,10,0.5,1000.0,Jackknife k = 1
-999.0,411.76190476190476,209.021484375,198,1,10,0.5,1000.0,Chao
2.871316070556641,479.1675720214844,216.16757202148438,263,1,15,0.5,1000.0,Pseudolikelihood
-999.0,667.6677904834389,216.16757202148438,263,1,15,0.5,1000.0,Turing Geometric
-999.0,266.20524382637825,216.16757202148438,263,1,15,0.5,1000.0,Huggins
-999.0,434.7032258064516,216.16757202148438,263,1,15,0.5,1000.0,Schnabel
-999.0,502.63801695765676,216.16757202148438,263,1,15,0.5,1000.0,Zelterman
-999.0,600.5051892551893,216.16757202148438,263,1,15,0.5,1000.0,Jackknife k = 4
-999.0,564.1252747252747,216.16757202148438,263,1,15,0.5,1000.0,Jackknife k = 3
-999.0,622.8835331335332,216.16757202148438,263,1,15,0.5,1000.0,Jackknife k = 5
-999.0,Nonsequential frequencies,216.16757202148438,263,1,15,0.5,1000.0,Conway-Maxwell-Poisson
-999.0,399.68856243418253,216.16757202148438,263,1,15,0.5,1000.0,Turing
-999.0,506.31428571428575,216.16757202148438,263,1,15,0.5,1000.0,Jackknife k = 2
-999.0,414.2,216.16757202148438,263,1,15,0.5,1000.0,Jackknife k = 1
-999.0,481.7,216.16757202148438,263,1,15,0.5,1000.0,Chao
1.2027855195105068,623.7169885635376,303.7169885635376,320,1,20,0.5,1000.0,Pseudolikelihood
-999.0,775.2317703734973,303.7169885635376,320,1,20,0.5,1000.0,Turing Geometric
-999.0,322.6920140463227,303.7169885635376,320,1,20,0.5,1000.0,Huggins
-999.0,473.6909871244635,303.7169885635376,320,1,20,0.5,1000.0,Schnabel
-999.0,727.1047769186572,303.7169885635376,320,1,20,0.5,1000.0,Zelterman
-999.0,819.2257309941522,303.7169885635376,320,1,20,0.5,1000.0,Jackknife k = 4
-999.0,739.8432748538012,303.7169885635376,320,1,20,0.5,1000.0,Jackknife k = 3
-999.0,881.4307426040591,303.7169885635376,320,1,20,0.5,1000.0,Jackknife k = 5
-999.0,Nonsequential frequencies,303.7169885635376,320,1,20,0.5,1000.0,Conway-Maxwell-Poisson
-999.0,474.80265458061484,303.7169885635376,320,1,20,0.5,1000.0,Turing
-999.0,640.5473684210526,303.7169885635376,320,1,20,0.5,1000.0,Jackknife k = 2
-999.0,510.0,303.7169885635376,320,1,20,0.5,1000.0,Jackknife k = 1
-999.0,664.8275862068965,303.7169885635376,320,1,20,0.5,1000.0,Chao
25.159794921874997,548.23828125,416.23828125,132,10,5,0.5,1000.0,Pseudolikelihood
-999.0,896.756586864462,416.23828125,132,10,5,0.5,1000.0,Turing Geometric
-999.0,142.30046034553774,416.23828125,132,10,5,0.5,1000.0,Huggins
-999.0,561.375,416.23828125,132,10,5,0.5,1000.0,Schnabel
-999.0,480.19630760691564,416.23828125,132,10,5,0.5,1000.0,Zelterman
-999.0,334.0,416.23828125,132,10,5,0.5,1000.0,Jackknife k = 4
-999.0,316.76666666666665,416.23828125,132,10,5,0.5,1000.0,Jackknife k = 3
-999.0,334.0,416.23828125,132,10,5,0.5,1000.0,Jackknife k = 5
-999.0,502.7951309801666,416.23828125,132,10,5,0.5,1000.0,Conway-Maxwell-Poisson
-999.0,401.96955059406014,416.23828125,132,10,5,0.5,1000.0,Turing
-999.0,280.69999999999993,416.23828125,132,10,5,0.5,1000.0,Jackknife k = 2
-999.0,221.60000000000002,416.23828125,132,10,5,0.5,1000.0,Jackknife k = 1
-999.0,480.44444444444446,416.23828125,132,10,5,0.5,1000.0,Chao
3.3775038146972665,493.400146484375,285.400146484375,208,10,10,0.5,1000.0,Pseudolikelihood
-999.0,682.641268689382,285.400146484375,208,10,10,0.5,1000.0,Turing Geometric
-999.0,212.91849505144523,285.400146484375,208,10,10,0.5,1000.0,Huggins
-999.0,432.5875,285.400146484375,208,10,10,0.5,1000.0,Schnabel
-999.0,459.47568122775004,285.400146484375,208,10,10,0.5,1000.0,Zelterman
-999.0,516.0964285714285,285.400146484375,208,10,10,0.5,1000.0,Jackknife k = 4
-999.0,480.5416666666667,285.400146484375,208,10,10,0.5,1000.0,Jackknife k = 3
-999.0,538.257638888889,285.400146484375,208,10,10,0.5,1000.0,Jackknife k = 5
-999.0,Nonsequential frequencies,285.400146484375,208,10,10,0.5,1000.0,Conway-Maxwell-Poisson
-999.0,375.40838387111364,285.400146484375,208,10,10,0.5,1000.0,Turing
-999.0,424.9111111111111,285.400146484375,208,10,10,0.5,1000.0,Jackknife k = 2
-999.0,339.4,285.400146484375,208,10,10,0.5,1000.0,Jackknife k = 1
-999.0,450.22727272727275,285.400146484375,208,10,10,0.5,1000.0,Chao
1.722300157546997,481.9962582588196,212.99625825881958,269,10,15,0.5,1000.0,Pseudolikelihood
-999.0,706.125,212.99625825881958,269,10,15,0.5,1000.0,Turing Geometric
-999.0,272.33181115414953,212.99625825881958,269,10,15,0.5,1000.0,Huggins
-999.0,450.26623376623377,212.99625825881958,269,10,15,0.5,1000.0,Schnabel
-999.0,517.4229869940452,212.99625825881958,269,10,15,0.5,1000.0,Zelterman
-999.0,622.9411782661783,212.99625825881958,269,10,15,0.5,1000.0,Jackknife k = 4
-999.0,583.8586080586081,212.99625825881958,269,10,15,0.5,1000.0,Jackknife k = 3
-999.0,649.5777361527362,212.99625825881958,269,10,15,0.5,1000.0,Jackknife k = 5
-999.0,Nonsequential frequencies,212.99625825881958,269,10,15,0.5,1000.0,Conway-Maxwell-Poisson
-999.0,418.9016859222663,212.99625825881958,269,10,15,0.5,1000.0,Turing
-999.0,523.3047619047619,212.99625825881958,269,10,15,0.5,1000.0,Jackknife k = 2
-999.0,426.73333333333335,212.99625825881958,269,10,15,0.5,1000.0,Jackknife k = 1
-999.0,499.33064516129036,212.99625825881958,269,10,15,0.5,1000.0,Chao
1.9576162123680119,543.0417113304138,227.04171133041382,316,10,20,0.5,1000.0,Pseudolikelihood
-999.0,715.9547634052701,227.04171133041382,316,10,20,0.5,1000.0,Turing Geometric
-999.0,318.56764862809786,227.04171133041382,316,10,20,0.5,1000.0,Huggins
-999.0,467.1791666666667,227.04171133041382,316,10,20,0.5,1000.0,Schnabel
-999.0,547.0610462446209,227.04171133041382,316,10,20,0.5,1000.0,Zelterman
-999.0,662.2937478500171,227.04171133041382,316,10,20,0.5,1000.0,Jackknife k = 4
-999.0,636.8931286549707,227.04171133041382,316,10,20,0.5,1000.0,Jackknife k = 3
-999.0,668.7999639877881,227.04171133041382,316,10,20,0.5,1000.0,Jackknife k = 5
-999.0,844.7713808004212,227.04171133041382,316,10,20,0.5,1000.0,Conway-Maxwell-Poisson
-999.0,447.2856060638701,227.04171133041382,316,10,20,0.5,1000.0,Turing
-999.0,584.3447368421052,227.04171133041382,316,10,20,0.5,1000.0,Jackknife k = 2
-999.0,487.95,227.04171133041382,316,10,20,0.5,1000.0,Jackknife k = 1
-999.0,526.0064102564103,227.04171133041382,316,10,20,0.5,1000.0,Chao
23.142353515624997,742.2425079345703,607.2425079345703,135,100,5,0.5,1000.0,Pseudolikelihood
-999.0,1188.4353140695887,607.2425079345703,135,100,5,0.5,1000.0,Turing Geometric
-999.0,145.73150968019962,607.2425079345703,135,100,5,0.5,1000.0,Huggins
-999.0,756.5,607.2425079345703,135,100,5,0.5,1000.0,Schnabel
-999.0,886.1086579717364,607.2425079345703,135,100,5,0.5,1000.0,Zelterman
-999.0,365.2416666666667,607.2425079345703,135,100,5,0.5,1000.0,Jackknife k = 4
-999.0,343.7,607.2425079345703,135,100,5,0.5,1000.0,Jackknife k = 3
-999.0,365.2416666666667,607.2425079345703,135,100,5,0.5,1000.0,Jackknife k = 5
-999.0,8596.841268811511,607.2425079345703,135,100,5,0.5,1000.0,Conway-Maxwell-Poisson
-999.0,518.7178585653139,607.2425079345703,135,100,5,0.5,1000.0,Turing
-999.0,299.9,607.2425079345703,135,100,5,0.5,1000.0,Jackknife k = 2
-999.0,231.8,607.2425079345703,135,100,5,0.5,1000.0,Jackknife k = 1
-999.0,867.05,607.2425079345703,135,100,5,0.5,1000.0,Chao
8.625204238891603,513.0098876953125,297.0098876953125,216,100,10,0.5,1000.0,Pseudolikelihood
-999.0,755.4996028506362,297.0098876953125,216,100,10,0.5,1000.0,Turing Geometric
-999.0,221.1772547267972,297.0098876953125,216,100,10,0.5,1000.0,Huggins
-999.0,513.2,297.0098876953125,216,100,10,0.5,1000.0,Schnabel
-999.0,480.25504076906964,297.0098876953125,216,100,10,0.5,1000.0,Zelterman
-999.0,541.5408730158729,297.0098876953125,216,100,10,0.5,1000.0,Jackknife k = 4
-999.0,503.98611111111103,297.0098876953125,216,100,10,0.5,1000.0,Jackknife k = 3
-999.0,564.7098544973545,297.0098876953125,216,100,10,0.5,1000.0,Jackknife k = 5
-999.0,789.5731591871428,297.0098876953125,216,100,10,0.5,1000.0,Conway-Maxwell-Poisson
-999.0,409.99782560150027,297.0098876953125,216,100,10,0.5,1000.0,Turing
-999.0,445.0888888888889,297.0098876953125,216,100,10,0.5,1000.0,Jackknife k = 2
-999.0,354.6,297.0098876953125,216,100,10,0.5,1000.0,Jackknife k = 1
-999.0,473.7826086956522,297.0098876953125,216,100,10,0.5,1000.0,Chao
4.323807640075686,568.5043334960938,288.50433349609375,280,100,15,0.5,1000.0,Pseudolikelihood
-999.0,775.3581541999716,288.50433349609375,280,100,15,0.5,1000.0,Turing Geometric
-999.0,283.5535052840756,288.50433349609375,280,100,15,0.5,1000.0,Huggins
-999.0,517.9640287769785,288.50433349609375,280,100,15,0.5,1000.0,Schnabel
-999.0,513.1488411743927,288.50433349609375,280,100,15,0.5,1000.0,Zelterman
-999.0,616.5694444444445,288.50433349609375,280,100,15,0.5,1000.0,Jackknife k = 4
-999.0,598.2948717948718,288.50433349609375,280,100,15,0.5,1000.0,Jackknife k = 3
-999.0,612.9093545343545,288.50433349609375,280,100,15,0.5,1000.0,Jackknife k = 5
-999.0,Nonsequential frequencies,288.50433349609375,280,100,15,0.5,1000.0,Conway-Maxwell-Poisson
-999.0,453.7034342040262,288.50433349609375,280,100,15,0.5,1000.0,Turing
-999.0,546.8619047619047,288.50433349609375,280,100,15,0.5,1000.0,Jackknife k = 2
-999.0,448.0,288.50433349609375,280,100,15,0.5,1000.0,Jackknife k = 1
-999.0,508.169014084507,288.50433349609375,280,100,15,0.5,1000.0,Chao
1.492786553762853,713.6761835925281,387.6761835925281,326,100,20,0.5,1000.0,Pseudolikelihood
-999.0,754.3064801359589,387.6761835925281,326,100,20,0.5,1000.0,Turing Geometric
-999.0,328.66981469205575,387.6761835925281,326,100,20,0.5,1000.0,Huggins
-999.0,517.7256637168142,387.6761835925281,326,100,20,0.5,1000.0,Schnabel
-999.0,545.9633493713427,387.6761835925281,326,100,20,0.5,1000.0,Zelterman
-999.0,660.3946508427932,387.6761835925281,326,100,20,0.5,1000.0,Jackknife k = 4
-999.0,645.4459064327486,387.6761835925281,326,100,20,0.5,1000.0,Jackknife k = 3
-999.0,658.8292080538356,387.6761835925281,326,100,20,0.5,1000.0,Jackknife k = 5
-999.0,Nonsequential frequencies,387.6761835925281,326,100,20,0.5,1000.0,Conway-Maxwell-Poisson
-999.0,468.2340788152422,387.6761835925281,326,100,20,0.5,1000.0,Turing
-999.0,599.4763157894737,387.6761835925281,326,100,20,0.5,1000.0,Jackknife k = 2
-999.0,503.65,387.6761835925281,326,100,20,0.5,1000.0,Jackknife k = 1
-999.0,531.7,387.6761835925281,326,100,20,0.5,1000.0,Chao
13.72020317077637,373.56822204589844,251.56822204589844,122,1000,5,0.5,1000.0,Pseudolikelihood
-999.0,591.2100974550772,251.56822204589844,122,1000,5,0.5,1000.0,Turing Geometric
-999.0,131.17530766989702,251.56822204589844,122,1000,5,0.5,1000.0,Huggins
-999.0,372.1304347826087,251.56822204589844,122,1000,5,0.5,1000.0,Schnabel
-999.0,361.03060569715336,251.56822204589844,122,1000,5,0.5,1000.0,Zelterman
-999.0,292.0,251.56822204589844,122,1000,5,0.5,1000.0,Jackknife k = 4
-999.0,278.1333333333334,251.56822204589844,122,1000,5,0.5,1000.0,Jackknife k = 3
-999.0,292.0,251.56822204589844,122,1000,5,0.5,1000.0,Jackknife k = 5
-999.0,Nonsequential frequencies,251.56822204589844,122,1000,5,0.5,1000.0,Conway-Maxwell-Poisson
-999.0,277.9868754846071,251.56822204589844,122,1000,5,0.5,1000.0,Turing
-999.0,248.79999999999995,251.56822204589844,122,1000,5,0.5,1000.0,Jackknife k = 2
-999.0,199.60000000000002,251.56822204589844,122,1000,5,0.5,1000.0,Jackknife k = 1
-999.0,357.225,251.56822204589844,122,1000,5,0.5,1000.0,Chao
1.112250062301755,681.5836694128811,474.58366941288114,207,1000,10,0.5,1000.0,Pseudolikelihood
-999.0,690.1088119671876,474.58366941288114,207,1000,10,0.5,1000.0,Turing Geometric
-999.0,211.9103847214354,474.58366941288114,207,1000,10,0.5,1000.0,Huggins
-999.0,426.11392405063293,474.58366941288114,207,1000,10,0.5,1000.0,Schnabel
-999.0,515.4246832780354,474.58366941288114,207,1000,10,0.5,1000.0,Zelterman
-999.0,543.318253968254,474.58366941288114,207,1000,10,0.5,1000.0,Jackknife k = 4
-999.0,496.56111111111113,474.58366941288114,207,1000,10,0.5,1000.0,Jackknife k = 3
-999.0,576.6219907407407,474.58366941288114,207,1000,10,0.5,1000.0,Jackknife k = 5
-999.0,1165.4634348537368,474.58366941288114,207,1000,10,0.5,1000.0,Conway-Maxwell-Poisson
-999.0,378.2406280707652,474.58366941288114,207,1000,10,0.5,1000.0,Turing
-999.0,431.5777777777778,474.58366941288114,207,1000,10,0.5,1000.0,Jackknife k = 2
-999.0,340.20000000000005,474.58366941288114,207,1000,10,0.5,1000.0,Jackknife k = 1
-999.0,495.2105263157895,474.58366941288114,207,1000,10,0.5,1000.0,Chao
0.9556491881608903,671.7032184898853,404.70321848988533,267,1000,15,0.5,1000.0,Pseudolikelihood
-999.0,718.0090251237312,404.70321848988533,267,1000,15,0.5,1000.0,Turing Geometric
-999.0,270.3375553110619,404.70321848988533,267,1000,15,0.5,1000.0,Huggins
-999.0,460.9261744966443,404.70321848988533,267,1000,15,0.5,1000.0,Schnabel
-999.0,610.7975121215803,404.70321848988533,267,1000,15,0.5,1000.0,Zelterman
-999.0,693.7342185592186,404.70321848988533,267,1000,15,0.5,1000.0,Jackknife k = 4
-999.0,623.5575091575092,404.70321848988533,267,1000,15,0.5,1000.0,Jackknife k = 3
-999.0,758.8113358863359,404.70321848988533,267,1000,15,0.5,1000.0,Jackknife k = 5
-999.0,Nonsequential frequencies,404.70321848988533,267,1000,15,0.5,1000.0,Conway-Maxwell-Poisson
-999.0,423.27188024121733,404.70321848988533,267,1000,15,0.5,1000.0,Turing
-999.0,539.9619047619049,404.70321848988533,267,1000,15,0.5,1000.0,Jackknife k = 2
-999.0,429.4,404.70321848988533,267,1000,15,0.5,1000.0,Jackknife k = 1
-999.0,569.76,404.70321848988533,267,1000,15,0.5,1000.0,Chao
0.6567446899414066,884.23681640625,560.23681640625,324,1000,20,0.5,1000.0,Pseudolikelihood
-999.0,771.1228902617806,560.23681640625,324,1000,20,0.5,1000.0,Turing Geometric
-999.0,326.6842150497302,560.23681640625,324,1000,20,0.5,1000.0,Huggins
-999.0,489.66521739130434,560.23681640625,324,1000,20,0.5,1000.0,Schnabel
-999.0,651.9019824828672,560.23681640625,324,1000,20,0.5,1000.0,Zelterman
-999.0,777.4055899552803,560.23681640625,324,1000,20,0.5,1000.0,Jackknife k = 4
-999.0,711.4505847953217,560.23681640625,324,1000,20,0.5,1000.0,Jackknife k = 3
-999.0,835.6305077184383,560.23681640625,324,1000,20,0.5,1000.0,Jackknife k = 5
-999.0,Nonsequential frequencies,560.23681640625,324,1000,20,0.5,1000.0,Conway-Maxwell-Poisson
-999.0,474.69855414518526,560.23681640625,324,1000,20,0.5,1000.0,Turing
-999.0,627.6236842105263,560.23681640625,324,1000,20,0.5,1000.0,Jackknife k = 2
-999.0,509.25,560.23681640625,324,1000,20,0.5,1000.0,Jackknife k = 1
-999.0,607.7686567164179,560.23681640625,324,1000,20,0.5,1000.0,Chao
17.15124694824219,364.617919921875,244.617919921875,120,101,5,0.5,1000.0,Pseudolikelihood
-999.0,538.3761810488538,244.617919921875,120,101,5,0.5,1000.0,Turing Geometric
-999.0,128.90181050302243,244.617919921875,120,101,5,0.5,1000.0,Huggins
-999.0,366.7826086956522,244.617919921875,120,101,5,0.5,1000.0,Schnabel
-999.0,343.28787229958596,244.617919921875,120,101,5,0.5,1000.0,Zelterman
-999.0,282.75,244.617919921875,120,101,5,0.5,1000.0,Jackknife k = 4
-999.0,269.3333333333333,244.617919921875,120,101,5,0.5,1000.0,Jackknife k = 3
-999.0,282.75,244.617919921875,120,101,5,0.5,1000.0,Jackknife k = 5
-999.0,1114.3366209802973,244.617919921875,120,101,5,0.5,1000.0,Conway-Maxwell-Poisson
-999.0,256.6058767248393,244.617919921875,120,101,5,0.5,1000.0,Turing
-999.0,241.2,244.617919921875,120,101,5,0.5,1000.0,Jackknife k = 2
-999.0,194.4,244.617919921875,120,101,5,0.5,1000.0,Jackknife k = 1
-999.0,336.225,244.617919921875,120,101,5,0.5,1000.0,Chao
8.625546875,402.34375,202.34375,200,101,10,0.5,1000.0,Pseudolikelihood
-999.0,585.8502759212397,202.34375,200,101,10,0.5,1000.0,Turing Geometric
-999.0,204.57042759465287,202.34375,200,101,10,0.5,1000.0,Huggins
-999.0,390.8452380952381,202.34375,200,101,10,0.5,1000.0,Schnabel
-999.0,374.6007743925916,202.34375,200,101,10,0.5,1000.0,Zelterman
-999.0,444.96448412698413,202.34375,200,101,10,0.5,1000.0,Jackknife k = 4
-999.0,425.75138888888887,202.34375,200,101,10,0.5,1000.0,Jackknife k = 3
-999.0,452.4659722222222,202.34375,200,101,10,0.5,1000.0,Jackknife k = 5
-999.0,Nonsequential frequencies,202.34375,200,101,10,0.5,1000.0,Conway-Maxwell-Poisson
-999.0,330.75923479321597,202.34375,200,101,10,0.5,1000.0,Turing
-999.0,387.14444444444445,202.34375,200,101,10,0.5,1000.0,Jackknife k = 2
-999.0,317.9,202.34375,200,101,10,0.5,1000.0,Jackknife k = 1
-999.0,371.61,202.34375,200,101,10,0.5,1000.0,Chao
2.89484375,462.818359375,199.818359375,263,101,15,0.5,1000.0,Pseudolikelihood
-999.0,670.8487182882045,199.818359375,263,101,15,0.5,1000.0,Turing Geometric
-999.0,266.2158277185512,199.818359375,263,101,15,0.5,1000.0,Huggins
-999.0,422.5253164556962,199.818359375,263,101,15,0.5,1000.0,Schnabel
-999.0,504.73274312193627,199.818359375,263,101,15,0.5,1000.0,Zelterman
-999.0,599.3733211233211,199.818359375,263,101,15,0.5,1000.0,Jackknife k = 4
-999.0,565.4593406593406,199.818359375,263,101,15,0.5,1000.0,Jackknife k = 3
-999.0,617.0923243423244,199.818359375,263,101,15,0.5,1000.0,Jackknife k = 5
-999.0,829.3725470919912,199.818359375,263,101,15,0.5,1000.0,Conway-Maxwell-Poisson
-999.0,401.06747787363554,199.818359375,263,101,15,0.5,1000.0,Turing
-999.0,508.1142857142858,199.818359375,263,101,15,0.5,1000.0,Jackknife k = 2
-999.0,415.1333333333333,199.818359375,263,101,15,0.5,1000.0,Jackknife k = 1
-999.0,484.4083333333333,199.818359375,263,101,15,0.5,1000.0,Chao
2.1931250000000007,558.6259765625,236.6259765625,322,101,20,0.5,1000.0,Pseudolikelihood
-999.0,745.0511859011618,236.6259765625,322,101,20,0.5,1000.0,Turing Geometric
-999.0,324.6215288330237,236.6259765625,322,101,20,0.5,1000.0,Huggins
-999.0,474.25431034482756,236.6259765625,322,101,20,0.5,1000.0,Schnabel
-999.0,599.6145062504885,236.6259765625,322,101,20,0.5,1000.0,Zelterman
-999.0,736.7850017199862,236.6259765625,322,101,20,0.5,1000.0,Jackknife k = 4
-999.0,678.6315789473686,236.6259765625,322,101,20,0.5,1000.0,Jackknife k = 3
-999.0,795.6447314671482,236.6259765625,322,101,20,0.5,1000.0,Jackknife k = 5
-999.0,933.1757590279915,236.6259765625,322,101,20,0.5,1000.0,Conway-Maxwell-Poisson
-999.0,462.48887539419627,236.6259765625,322,101,20,0.5,1000.0,Turing
-999.0,606.5605263157895,236.6259765625,322,101,20,0.5,1000.0,Jackknife k = 2
-999.0,499.65,236.6259765625,322,101,20,0.5,1000.0,Jackknife k = 1
-999.0,564.8402777777778,236.6259765625,322,101,20,0.5,1000.0,Chao
12.016273803710938,349.16741943359375,228.16741943359375,121,102,5,0.5,1000.0,Pseudolikelihood
-999.0,574.9366596664895,228.16741943359375,121,102,5,0.5,1000.0,Turing Geometric
-999.0,130.06245359555805,228.16741943359375,121,102,5,0.5,1000.0,Huggins
-999.0,339.72,228.16741943359375,121,102,5,0.5,1000.0,Schnabel
-999.0,370.1651457691095,228.16741943359375,121,102,5,0.5,1000.0,Zelterman
-999.0,290.23333333333335,228.16741943359375,121,102,5,0.5,1000.0,Jackknife k = 4
-999.0,276.28333333333336,228.16741943359375,121,102,5,0.5,1000.0,Jackknife k = 3
-999.0,290.23333333333335,228.16741943359375,121,102,5,0.5,1000.0,Jackknife k = 5
-999.0,1005.8978656041872,228.16741943359375,121,102,5,0.5,1000.0,Conway-Maxwell-Poisson
-999.0,271.2448864405642,228.16741943359375,121,102,5,0.5,1000.0,Turing
-999.0,246.84999999999997,228.16741943359375,121,102,5,0.5,1000.0,Jackknife k = 2
-999.0,197.8,228.16741943359375,121,102,5,0.5,1000.0,Jackknife k = 1
-999.0,363.52631578947364,228.16741943359375,121,102,5,0.5,1000.0,Chao
8.000578613281249,420.8662109375,218.8662109375,202,102,10,0.5,1000.0,Pseudolikelihood
-999.0,609.5269248934392,218.8662109375,202,102,10,0.5,1000.0,Turing Geometric
-999.0,206.6470057097205,218.8662109375,202,102,10,0.5,1000.0,Huggins
-999.0,398.1686746987952,218.8662109375,202,102,10,0.5,1000.0,Schnabel
-999.0,408.796825512857,218.8662109375,202,102,10,0.5,1000.0,Zelterman
-999.0,474.630753968254,218.8662109375,202,102,10,0.5,1000.0,Jackknife k = 4
-999.0,445.81527777777774,218.8662109375,202,102,10,0.5,1000.0,Jackknife k = 3
-999.0,491.2825396825397,218.8662109375,202,102,10,0.5,1000.0,Jackknife k = 5
-999.0,Nonsequential frequencies,218.8662109375,202,102,10,0.5,1000.0,Conway-Maxwell-Poisson
-999.0,341.6580144298625,218.8662109375,202,102,10,0.5,1000.0,Turing
-999.0,398.7888888888889,218.8662109375,202,102,10,0.5,1000.0,Jackknife k = 2
-999.0,323.5,218.8662109375,202,102,10,0.5,1000.0,Jackknife k = 1
-999.0,400.0978260869565,218.8662109375,202,102,10,0.5,1000.0,Chao
1.2757953405380222,654.9204626083374,387.9204626083374,267,102,15,0.5,1000.0,Pseudolikelihood
-999.0,704.2558515569833,387.9204626083374,267,102,15,0.5,1000.0,Turing Geometric
-999.0,270.3087960244596,387.9204626083374,267,102,15,0.5,1000.0,Huggins
-999.0,460.5850340136054,387.9204626083374,267,102,15,0.5,1000.0,Schnabel
-999.0,553.3217208273452,387.9204626083374,267,102,15,0.5,1000.0,Zelterman
-999.0,647.2011294261296,387.9204626083374,267,102,15,0.5,1000.0,Jackknife k = 4
-999.0,597.8586080586081,387.9204626083374,267,102,15,0.5,1000.0,Jackknife k = 3
-999.0,681.425543900544,387.9204626083374,267,102,15,0.5,1000.0,Jackknife k = 5
-999.0,993.5537358970546,387.9204626083374,267,102,15,0.5,1000.0,Conway-Maxwell-Poisson
-999.0,417.2616278102111,387.9204626083374,267,102,15,0.5,1000.0,Turing
-999.0,527.9333333333333,387.9204626083374,267,102,15,0.5,1000.0,Jackknife k = 2
-999.0,425.66666666666663,387.9204626083374,267,102,15,0.5,1000.0,Jackknife k = 1
-999.0,525.0357142857142,387.9204626083374,267,102,15,0.5,1000.0,Chao
2.077542419433594,511.3671875,207.3671875,304,102,20,0.5,1000.0,Pseudolikelihood
-999.0,656.0094704621077,207.3671875,304,102,20,0.5,1000.0,Turing Geometric
-999.0,306.3904431485179,207.3671875,304,102,20,0.5,1000.0,Huggins
-999.0,451.41224489795917,207.3671875,304,102,20,0.5,1000.0,Schnabel
-999.0,504.69908333902526,207.3671875,304,102,20,0.5,1000.0,Zelterman
-999.0,580.8792139662884,207.3671875,304,102,20,0.5,1000.0,Jackknife k = 4
-999.0,583.7653508771931,207.3671875,304,102,20,0.5,1000.0,Jackknife k = 3
-999.0,541.510220480736,207.3671875,304,102,20,0.5,1000.0,Jackknife k = 5
-999.0,757.2129512211876,207.3671875,304,102,20,0.5,1000.0,Conway-Maxwell-Poisson
-999.0,416.2492473405158,207.3671875,304,102,20,0.5,1000.0,Turing
-999.0,547.2973684210526,207.3671875,304,102,20,0.5,1000.0,Jackknife k = 2
-999.0,462.65,207.3671875,304,102,20,0.5,1000.0,Jackknife k = 1
-999.0,485.0974025974026,207.3671875,304,102,20,0.5,1000.0,Chao
8.857625732421875,328.407470703125,207.407470703125,121,103,5,0.5,1000.0,Pseudolikelihood
-999.0,542.862649224261,207.407470703125,121,103,5,0.5,1000.0,Turing Geometric
-999.0,130.01826105208193,207.407470703125,121,103,5,0.5,1000.0,Huggins
-999.0,314.55555555555554,207.407470703125,121,103,5,0.5,1000.0,Schnabel
-999.0,290.95520895768016,207.407470703125,121,103,5,0.5,1000.0,Zelterman
-999.0,276.25,207.407470703125,121,103,5,0.5,1000.0,Jackknife k = 4
-999.0,264.91666666666663,207.407470703125,121,103,5,0.5,1000.0,Jackknife k = 3
-999.0,276.25,207.407470703125,121,103,5,0.5,1000.0,Jackknife k = 5
-999.0,Nonsequential frequencies,207.407470703125,121,103,5,0.5,1000.0,Conway-Maxwell-Poisson
-999.0,258.7442590308796,207.407470703125,121,103,5,0.5,1000.0,Turing
-999.0,239.95,207.407470703125,121,103,5,0.5,1000.0,Jackknife k = 2
-999.0,195.4,207.407470703125,121,103,5,0.5,1000.0,Jackknife k = 1
-999.0,293.98,207.407470703125,121,103,5,0.5,1000.0,Chao
2.346625976562498,455.486328125,253.486328125,202,103,10,0.5,1000.0,Pseudolikelihood
-999.0,604.9979328585752,253.486328125,202,103,10,0.5,1000.0,Turing Geometric
-999.0,206.64455465234226,253.486328125,202,103,10,0.5,1000.0,Huggins
-999.0,377.67816091954023,253.486328125,202,103,10,0.5,1000.0,Schnabel
-999.0,394.916117902092,253.486328125,202,103,10,0.5,1000.0,Zelterman
-999.0,465.07519841269846,253.486328125,202,103,10,0.5,1000.0,Jackknife k = 4
-999.0,439.6597222222221,253.486328125,202,103,10,0.5,1000.0,Jackknife k = 3
-999.0,478.33809523809526,253.486328125,202,103,10,0.5,1000.0,Jackknife k = 5
-999.0,Nonsequential frequencies,253.486328125,202,103,10,0.5,1000.0,Conway-Maxwell-Poisson
-999.0,339.72565722515645,253.486328125,202,103,10,0.5,1000.0,Turing
-999.0,395.66666666666663,253.486328125,202,103,10,0.5,1000.0,Jackknife k = 2
-999.0,322.6,253.486328125,202,103,10,0.5,1000.0,Jackknife k = 1
-999.0,389.04166666666663,253.486328125,202,103,10,0.5,1000.0,Chao
1.5791210937499993,605.34375,341.34375,264,103,15,0.5,1000.0,Pseudolikelihood
-999.0,657.6360403492223,341.34375,264,103,15,0.5,1000.0,Turing Geometric
-999.0,267.19094944013983,341.34375,264,103,15,0.5,1000.0,Huggins
-999.0,420.2848101265823,341.34375,264,103,15,0.5,1000.0,Schnabel
-999.0,457.4128023060763,341.34375,264,103,15,0.5,1000.0,Zelterman
-999.0,551.2011904761906,341.34375,264,103,15,0.5,1000.0,Jackknife k = 4
-999.0,535.5926739926739,341.34375,264,103,15,0.5,1000.0,Jackknife k = 3
-999.0,550.3122183372184,341.34375,264,103,15,0.5,1000.0,Jackknife k = 5
-999.0,Nonsequential frequencies,341.34375,264,103,15,0.5,1000.0,Conway-Maxwell-Poisson
-999.0,395.7714949116139,341.34375,264,103,15,0.5,1000.0,Turing
-999.0,493.6761904761906,341.34375,264,103,15,0.5,1000.0,Jackknife k = 2
-999.0,411.4666666666667,341.34375,264,103,15,0.5,1000.0,Jackknife k = 1
-999.0,447.55882352941177,341.34375,264,103,15,0.5,1000.0,Chao
1.8411235046386714,569.0634155273438,257.06341552734375,312,103,20,0.5,1000.0,Pseudolikelihood
-999.0,677.9596477449224,257.06341552734375,312,103,20,0.5,1000.0,Turing Geometric
-999.0,314.44922394156714,257.06341552734375,312,103,20,0.5,1000.0,Huggins
-999.0,444.7704918032787,257.06341552734375,312,103,20,0.5,1000.0,Schnabel
-999.0,506.0310347628069,257.06341552734375,312,103,20,0.5,1000.0,Zelterman
-999.0,602.4077399380806,257.06341552734375,312,103,20,0.5,1000.0,Jackknife k = 4
-999.0,593.9561403508771,257.06341552734375,312,103,20,0.5,1000.0,Jackknife k = 3
-999.0,586.6675841718265,257.06341552734375,312,103,20,0.5,1000.0,Jackknife k = 5
-999.0,Nonsequential frequencies,257.06341552734375,312,103,20,0.5,1000.0,Conway-Maxwell-Poisson
-999.0,429.20164422512283,257.06341552734375,312,103,20,0.5,1000.0,Turing
-999.0,555.5868421052633,257.06341552734375,312,103,20,0.5,1000.0,Jackknife k = 2
-999.0,472.54999999999995,257.06341552734375,312,103,20,0.5,1000.0,Jackknife k = 1
-999.0,488.3024691358025,257.06341552734375,312,103,20,0.5,1000.0,Chao
13.219611816406248,450.671875,322.671875,128,104,5,0.5,1000.0,Pseudolikelihood
-999.0,768.9985697737162,322.671875,128,104,5,0.5,1000.0,Turing Geometric
-999.0,137.86676038989816,322.671875,128,104,5,0.5,1000.0,Huggins
-999.0,429.75,322.671875,128,104,5,0.5,1000.0,Schnabel
-999.0,470.20724740738063,322.671875,128,104,5,0.5,1000.0,Zelterman
-999.0,321.4916666666667,322.671875,128,104,5,0.5,1000.0,Jackknife k = 4
-999.0,304.85,322.671875,128,104,5,0.5,1000.0,Jackknife k = 3
-999.0,321.4916666666667,322.671875,128,104,5,0.5,1000.0,Jackknife k = 5
-999.0,1199.946027821402,322.671875,128,104,5,0.5,1000.0,Conway-Maxwell-Poisson
-999.0,350.06136205605554,322.671875,128,104,5,0.5,1000.0,Turing
-999.0,270.15,322.671875,128,104,5,0.5,1000.0,Jackknife k = 2
-999.0,213.60000000000002,322.671875,128,104,5,0.5,1000.0,Jackknife k = 1
-999.0,464.7352941176471,322.671875,128,104,5,0.5,1000.0,Chao
3.295042724609375,501.16363525390625,290.16363525390625,211,104,10,0.5,1000.0,Pseudolikelihood
-999.0,709.0252586569774,290.16363525390625,211,104,10,0.5,1000.0,Turing Geometric
-999.0,216.00015214777693,290.16363525390625,211,104,10,0.5,1000.0,Huggins
-999.0,414.5679012345679,290.16363525390625,211,104,10,0.5,1000.0,Schnabel
-999.0,481.16263123998715,290.16363525390625,211,104,10,0.5,1000.0,Zelterman
-999.0,530.3456349206349,290.16363525390625,211,104,10,0.5,1000.0,Jackknife k = 4
-999.0,492.6194444444444,290.16363525390625,211,104,10,0.5,1000.0,Jackknife k = 3
-999.0,552.5819113756613,290.16363525390625,211,104,10,0.5,1000.0,Jackknife k = 5
-999.0,941.6958365927617,290.16363525390625,211,104,10,0.5,1000.0,Conway-Maxwell-Poisson
-999.0,387.95998533760974,290.16363525390625,211,104,10,0.5,1000.0,Turing
-999.0,433.7222222222222,290.16363525390625,211,104,10,0.5,1000.0,Jackknife k = 2
-999.0,345.1,290.16363525390625,211,104,10,0.5,1000.0,Jackknife k = 1
-999.0,469.1511627906977,290.16363525390625,211,104,10,0.5,1000.0,Chao
1.3826763916015605,662.3359375,390.3359375,272,104,15,0.5,1000.0,Pseudolikelihood
-999.0,717.444163383893,390.3359375,272,104,15,0.5,1000.0,Turing Geometric
-999.0,275.34972122934647,390.3359375,272,104,15,0.5,1000.0,Huggins
-999.0,447.8355263157895,390.3359375,272,104,15,0.5,1000.0,Schnabel
-999.0,531.1451235843342,390.3359375,272,104,15,0.5,1000.0,Zelterman
-999.0,629.8182234432236,390.3359375,272,104,15,0.5,1000.0,Jackknife k = 4
-999.0,591.6919413919413,390.3359375,272,104,15,0.5,1000.0,Jackknife k = 3
-999.0,647.4235902985904,390.3359375,272,104,15,0.5,1000.0,Jackknife k = 5
-999.0,876.1589332618797,390.3359375,272,104,15,0.5,1000.0,Conway-Maxwell-Poisson
-999.0,425.07551597145107,390.3359375,272,104,15,0.5,1000.0,Turing
-999.0,528.9095238095238,390.3359375,272,104,15,0.5,1000.0,Jackknife k = 2
-999.0,430.66666666666663,390.3359375,272,104,15,0.5,1000.0,Jackknife k = 1
-999.0,508.88524590163934,390.3359375,272,104,15,0.5,1000.0,Chao
1.3433874511718726,651.67578125,338.67578125,313,104,20,0.5,1000.0,Pseudolikelihood
-999.0,680.1325953338485,338.67578125,313,104,20,0.5,1000.0,Turing Geometric
-999.0,315.43820418740387,338.67578125,313,104,20,0.5,1000.0,Huggins
-999.0,454.0612244897959,338.67578125,313,104,20,0.5,1000.0,Schnabel
-999.0,523.4326907354991,338.67578125,313,104,20,0.5,1000.0,Zelterman
-999.0,623.5480392156863,338.67578125,313,104,20,0.5,1000.0,Jackknife k = 4
-999.0,606.0663742690058,338.67578125,313,104,20,0.5,1000.0,Jackknife k = 3
-999.0,613.8373032765738,338.67578125,313,104,20,0.5,1000.0,Jackknife k = 5
-999.0,Nonsequential frequencies,338.67578125,313,104,20,0.5,1000.0,Conway-Maxwell-Poisson
-999.0,430.5772905207162,338.67578125,313,104,20,0.5,1000.0,Turing
-999.0,559.9973684210527,338.67578125,313,104,20,0.5,1000.0,Jackknife k = 2
-999.0,473.54999999999995,338.67578125,313,104,20,0.5,1000.0,Jackknife k = 1
-999.0,498.461038961039,338.67578125,313,104,20,0.5,1000.0,Chao
18.36178031921387,465.27427673339844,335.27427673339844,130,105,5,0.5,1000.0,Pseudolikelihood
-999.0,781.0141724264305,335.27427673339844,130,105,5,0.5,1000.0,Turing Geometric
-999.0,140.0366336172799,335.27427673339844,130,105,5,0.5,1000.0,Huggins
-999.0,466.57894736842104,335.27427673339844,130,105,5,0.5,1000.0,Schnabel
-999.0,385.5786876081154,335.27427673339844,130,105,5,0.5,1000.0,Zelterman
-999.0,316.75,335.27427673339844,130,105,5,0.5,1000.0,Jackknife k = 4
-999.0,301.83333333333337,335.27427673339844,130,105,5,0.5,1000.0,Jackknife k = 3
-999.0,316.75,335.27427673339844,130,105,5,0.5,1000.0,Jackknife k = 5
-999.0,169.42991998146084,335.27427673339844,130,105,5,0.5,1000.0,Conway-Maxwell-Poisson
-999.0,355.5310708381814,335.27427673339844,130,105,5,0.5,1000.0,Turing
-999.0,269.9,335.27427673339844,130,105,5,0.5,1000.0,Jackknife k = 2
-999.0,215.60000000000002,335.27427673339844,130,105,5,0.5,1000.0,Jackknife k = 1
-999.0,390.20454545454544,335.27427673339844,130,105,5,0.5,1000.0,Chao
5.522602378278972,526.6827556490898,306.6827556490898,220,105,10,0.5,1000.0,Pseudolikelihood
-999.0,815.254418496578,306.6827556490898,220,105,10,0.5,1000.0,Turing Geometric
-999.0,225.37052068503698,306.6827556490898,220,105,10,0.5,1000.0,Huggins
-999.0,503.6,306.6827556490898,220,105,10,0.5,1000.0,Schnabel
-999.0,497.45212083125136,306.6827556490898,220,105,10,0.5,1000.0,Zelterman
-999.0,559.1732142857143,306.6827556490898,220,105,10,0.5,1000.0,Jackknife k = 4
-999.0,521.4791666666666,306.6827556490898,220,105,10,0.5,1000.0,Jackknife k = 3
-999.0,581.1049272486772,306.6827556490898,220,105,10,0.5,1000.0,Jackknife k = 5
-999.0,865.7717912642033,306.6827556490898,220,105,10,0.5,1000.0,Conway-Maxwell-Poisson
-999.0,437.48434204267494,306.6827556490898,220,105,10,0.5,1000.0,Turing
-999.0,460.27777777777777,306.6827556490898,220,105,10,0.5,1000.0,Jackknife k = 2
-999.0,364.9,306.6827556490898,220,105,10,0.5,1000.0,Jackknife k = 1
-999.0,495.75531914893617,306.6827556490898,220,105,10,0.5,1000.0,Chao
1.6585127353668225,650.4538679122925,365.4538679122925,285,105,15,0.5,1000.0,Pseudolikelihood
-999.0,850.6543766746225,365.4538679122925,285,105,15,0.5,1000.0,Turing Geometric
-999.0,288.7102788570549,365.4538679122925,285,105,15,0.5,1000.0,Huggins
-999.0,516.2374100719425,365.4538679122925,285,105,15,0.5,1000.0,Schnabel
-999.0,643.8061632553012,365.4538679122925,285,105,15,0.5,1000.0,Zelterman
-999.0,731.9136446886447,365.4538679122925,285,105,15,0.5,1000.0,Jackknife k = 4
-999.0,674.8274725274725,365.4538679122925,285,105,15,0.5,1000.0,Jackknife k = 3
-999.0,768.3020618270618,365.4538679122925,285,105,15,0.5,1000.0,Jackknife k = 5
-999.0,Nonsequential frequencies,365.4538679122925,285,105,15,0.5,1000.0,Conway-Maxwell-Poisson
-999.0,488.9678812912147,365.4538679122925,285,105,15,0.5,1000.0,Turing
-999.0,590.1285714285714,365.4538679122925,285,105,15,0.5,1000.0,Jackknife k = 2
-999.0,467.0,365.4538679122925,285,105,15,0.5,1000.0,Jackknife k = 1
-999.0,618.5526315789473,365.4538679122925,285,105,15,0.5,1000.0,Chao
0.9213597011566166,821.8779153823853,480.87791538238525,341,105,20,0.5,1000.0,Pseudolikelihood
-999.0,862.374662342809,480.87791538238525,341,105,20,0.5,1000.0,Turing Geometric
-999.0,343.92760924955576,480.87791538238525,341,105,20,0.5,1000.0,Huggins
-999.0,534.1780821917808,480.87791538238525,341,105,20,0.5,1000.0,Schnabel
-999.0,649.0292618199647,480.87791538238525,341,105,20,0.5,1000.0,Zelterman
-999.0,792.5438080495355,480.87791538238525,341,105,20,0.5,1000.0,Jackknife k = 4
-999.0,742.4564327485381,480.87791538238525,341,105,20,0.5,1000.0,Jackknife k = 3
-999.0,831.4213154669762,480.87791538238525,341,105,20,0.5,1000.0,Jackknife k = 5
-999.0,Nonsequential frequencies,480.87791538238525,341,105,20,0.5,1000.0,Conway-Maxwell-Poisson
-999.0,521.9329941074109,480.87791538238525,341,105,20,0.5,1000.0,Turing
-999.0,665.8421052631579,480.87791538238525,341,105,20,0.5,1000.0,Jackknife k = 2
-999.0,542.4,480.87791538238525,341,105,20,0.5,1000.0,Jackknife k = 1
-999.0,625.4556962025317,480.87791538238525,341,105,20,0.5,1000.0,Chao
2.746310997009284,481.44908714294434,360.44908714294434,121,106,5,0.5,1000.0,Pseudolikelihood
-999.0,598.1926727186116,360.44908714294434,121,106,5,0.5,1000.0,Turing Geometric
-999.0,130.1020385643691,360.44908714294434,121,106,5,0.5,1000.0,Huggins
-999.0,416.7142857142857,360.44908714294434,121,106,5,0.5,1000.0,Schnabel
-999.0,458.8485910779103,360.44908714294434,121,106,5,0.5,1000.0,Zelterman
-999.0,300.0,360.44908714294434,121,106,5,0.5,1000.0,Jackknife k = 4
-999.0,284.0833333333333,360.44908714294434,121,106,5,0.5,1000.0,Jackknife k = 3
-999.0,300.0,360.44908714294434,121,106,5,0.5,1000.0,Jackknife k = 5
-999.0,Nonsequential frequencies,360.44908714294434,121,106,5,0.5,1000.0,Conway-Maxwell-Poisson
-999.0,280.33315717887444,360.44908714294434,121,106,5,0.5,1000.0,Turing
-999.0,251.45,360.44908714294434,121,106,5,0.5,1000.0,Jackknife k = 2
-999.0,199.4,360.44908714294434,121,106,5,0.5,1000.0,Jackknife k = 1
-999.0,441.1333333333333,360.44908714294434,121,106,5,0.5,1000.0,Chao
0.8364382934570314,850.179931640625,637.179931640625,213,106,10,0.5,1000.0,Pseudolikelihood
-999.0,769.8173862387639,637.179931640625,213,106,10,0.5,1000.0,Turing Geometric
-999.0,218.17713626007563,637.179931640625,213,106,10,0.5,1000.0,Huggins
-999.0,478.80555555555554,637.179931640625,213,106,10,0.5,1000.0,Schnabel
-999.0,569.5668399711956,637.179931640625,213,106,10,0.5,1000.0,Zelterman
-999.0,583.6246031746031,637.179931640625,213,106,10,0.5,1000.0,Jackknife k = 4
-999.0,528.438888888889,637.179931640625,213,106,10,0.5,1000.0,Jackknife k = 3
-999.0,626.0354828042329,637.179931640625,213,106,10,0.5,1000.0,Jackknife k = 5
-999.0,Nonsequential frequencies,637.179931640625,213,106,10,0.5,1000.0,Conway-Maxwell-Poisson
-999.0,415.0777546477646,637.179931640625,213,106,10,0.5,1000.0,Turing
-999.0,455.28888888888883,637.179931640625,213,106,10,0.5,1000.0,Jackknife k = 2
-999.0,355.20000000000005,637.179931640625,213,106,10,0.5,1000.0,Jackknife k = 1
-999.0,550.3513513513514,637.179931640625,213,106,10,0.5,1000.0,Chao
2.605658874511718,505.7998046875,233.7998046875,272,106,15,0.5,1000.0,Pseudolikelihood
-999.0,738.6046913586421,233.7998046875,272,106,15,0.5,1000.0,Turing Geometric
-999.0,275.41893542212546,233.7998046875,272,106,15,0.5,1000.0,Huggins
-999.0,470.2684563758389,233.7998046875,272,106,15,0.5,1000.0,Schnabel
-999.0,577.7563894156722,233.7998046875,272,106,15,0.5,1000.0,Zelterman
-999.0,688.2782356532358,233.7998046875,272,106,15,0.5,1000.0,Jackknife k = 4
-999.0,622.2564102564103,233.7998046875,272,106,15,0.5,1000.0,Jackknife k = 3
-999.0,750.9806721056722,233.7998046875,272,106,15,0.5,1000.0,Jackknife k = 5
-999.0,Nonsequential frequencies,233.7998046875,272,106,15,0.5,1000.0,Conway-Maxwell-Poisson
-999.0,434.33024408186697,233.7998046875,272,106,15,0.5,1000.0,Turing
-999.0,543.7333333333332,233.7998046875,272,106,15,0.5,1000.0,Jackknife k = 2
-999.0,436.26666666666665,233.7998046875,272,106,15,0.5,1000.0,Jackknife k = 1
-999.0,548.5714285714286,233.7998046875,272,106,15,0.5,1000.0,Chao
1.4219653320312493,605.8466796875,289.8466796875,316,106,20,0.5,1000.0,Pseudolikelihood
-999.0,720.9825309539345,289.8466796875,316,106,20,0.5,1000.0,Turing Geometric
-999.0,318.56819404305725,289.8466796875,316,106,20,0.5,1000.0,Huggins
-999.0,480.22457627118644,289.8466796875,316,106,20,0.5,1000.0,Schnabel
-999.0,585.4707950332925,289.8466796875,316,106,20,0.5,1000.0,Zelterman
-999.0,713.2739938080496,289.8466796875,316,106,20,0.5,1000.0,Jackknife k = 4
-999.0,662.8134502923976,289.8466796875,316,106,20,0.5,1000.0,Jackknife k = 3
-999.0,752.9312757997935,289.8466796875,316,106,20,0.5,1000.0,Jackknife k = 5
-999.0,Nonsequential frequencies,289.8466796875,316,106,20,0.5,1000.0,Conway-Maxwell-Poisson
-999.0,449.4581719500148,289.8466796875,316,106,20,0.5,1000.0,Turing
-999.0,594.0131578947368,289.8466796875,316,106,20,0.5,1000.0,Jackknife k = 2
-999.0,489.85,289.8466796875,316,106,20,0.5,1000.0,Jackknife k = 1
-999.0,551.838028169014,289.8466796875,316,106,20,0.5,1000.0,Chao
12.777389950752259,400.4631459712982,281.4631459712982,119,107,5,0.5,1000.0,Pseudolikelihood
-999.0,544.0605623840944,281.4631459712982,119,107,5,0.5,1000.0,Turing Geometric
-999.0,127.8549673385687,281.4631459712982,119,107,5,0.5,1000.0,Huggins
-999.0,417.85714285714283,281.4631459712982,119,107,5,0.5,1000.0,Schnabel
-999.0,392.07908261893215,281.4631459712982,119,107,5,0.5,1000.0,Zelterman
-999.0,287.5,281.4631459712982,119,107,5,0.5,1000.0,Jackknife k = 4
-999.0,272.9833333333334,281.4631459712982,119,107,5,0.5,1000.0,Jackknife k = 3
-999.0,287.5,281.4631459712982,119,107,5,0.5,1000.0,Jackknife k = 5
-999.0,Nonsequential frequencies,281.4631459712982,119,107,5,0.5,1000.0,Conway-Maxwell-Poisson
-999.0,258.42694357011186,281.4631459712982,119,107,5,0.5,1000.0,Turing
-999.0,242.95,281.4631459712982,119,107,5,0.5,1000.0,Jackknife k = 2
-999.0,194.2,281.4631459712982,119,107,5,0.5,1000.0,Jackknife k = 1
-999.0,378.88235294117646,281.4631459712982,119,107,5,0.5,1000.0,Chao
3.29321533203125,493.7965087890625,290.7965087890625,203,107,10,0.5,1000.0,Pseudolikelihood
-999.0,650.8925806851817,290.7965087890625,203,107,10,0.5,1000.0,Turing Geometric
-999.0,207.7457643615694,290.7965087890625,203,107,10,0.5,1000.0,Huggins
-999.0,435.50632911392404,290.7965087890625,203,107,10,0.5,1000.0,Schnabel
-999.0,524.448002167511,290.7965087890625,203,107,10,0.5,1000.0,Zelterman
-999.0,538.4986111111112,290.7965087890625,203,107,10,0.5,1000.0,Jackknife k = 4
-999.0,487.62361111111113,290.7965087890625,203,107,10,0.5,1000.0,Jackknife k = 3
-999.0,577.5941798941798,290.7965087890625,203,107,10,0.5,1000.0,Jackknife k = 5
-999.0,1168.894846217027,290.7965087890625,203,107,10,0.5,1000.0,Conway-Maxwell-Poisson
-999.0,359.78058017503423,290.7965087890625,203,107,10,0.5,1000.0,Turing
-999.0,421.2111111111111,290.7965087890625,203,107,10,0.5,1000.0,Jackknife k = 2
-999.0,331.70000000000005,290.7965087890625,203,107,10,0.5,1000.0,Jackknife k = 1
-999.0,495.12857142857143,290.7965087890625,203,107,10,0.5,1000.0,Chao
1.3367060470581051,631.844367980957,365.84436798095703,266,107,15,0.5,1000.0,Pseudolikelihood
-999.0,705.0089944290911,365.84436798095703,266,107,15,0.5,1000.0,Turing Geometric
-999.0,269.31051829012006,365.84436798095703,266,107,15,0.5,1000.0,Huggins
-999.0,463.5973154362416,365.84436798095703,266,107,15,0.5,1000.0,Schnabel
-999.0,553.5407633339244,365.84436798095703,266,107,15,0.5,1000.0,Zelterman
-999.0,635.2450244200244,365.84436798095703,266,107,15,0.5,1000.0,Jackknife k = 4
-999.0,595.6608058608058,365.84436798095703,266,107,15,0.5,1000.0,Jackknife k = 3
-999.0,652.1572510822512,365.84436798095703,266,107,15,0.5,1000.0,Jackknife k = 5
-999.0,1108.2198614526103,365.84436798095703,266,107,15,0.5,1000.0,Conway-Maxwell-Poisson
-999.0,417.1788596186841,365.84436798095703,266,107,15,0.5,1000.0,Turing
-999.0,528.7333333333332,365.84436798095703,266,107,15,0.5,1000.0,Jackknife k = 2
-999.0,425.6,365.84436798095703,266,107,15,0.5,1000.0,Jackknife k = 1
-999.0,527.0803571428571,365.84436798095703,266,107,15,0.5,1000.0,Chao
2.1866149139404305,521.0787048339844,209.07870483398438,312,107,20,0.5,1000.0,Pseudolikelihood
-999.0,697.088510286445,209.07870483398438,312,107,20,0.5,1000.0,Turing Geometric
-999.0,314.496508201833,209.07870483398438,312,107,20,0.5,1000.0,Huggins
-999.0,471.2384937238494,209.07870483398438,312,107,20,0.5,1000.0,Schnabel
-999.0,560.4228194283337,209.07870483398438,312,107,20,0.5,1000.0,Zelterman
-999.0,668.8704592363262,209.07870483398438,312,107,20,0.5,1000.0,Jackknife k = 4
-999.0,636.6036549707603,209.07870483398438,312,107,20,0.5,1000.0,Jackknife k = 3
-999.0,680.431540247678,209.07870483398438,312,107,20,0.5,1000.0,Jackknife k = 5
-999.0,Nonsequential frequencies,209.07870483398438,312,107,20,0.5,1000.0,Conway-Maxwell-Poisson
-999.0,437.3989146791181,209.07870483398438,312,107,20,0.5,1000.0,Turing
-999.0,578.0605263157895,209.07870483398438,312,107,20,0.5,1000.0,Jackknife k = 2
-999.0,480.15,209.07870483398438,312,107,20,0.5,1000.0,Jackknife k = 1
-999.0,529.5625,209.07870483398438,312,107,20,0.5,1000.0,Chao
19.304607815742493,494.0928750038147,363.0928750038147,131,108,5,0.5,1000.0,Pseudolikelihood
-999.0,867.4759822866985,363.0928750038147,131,108,5,0.5,1000.0,Turing Geometric
-999.0,141.19368023509497,363.0928750038147,131,108,5,0.5,1000.0,Huggins
-999.0,493.6666666666667,363.0928750038147,131,108,5,0.5,1000.0,Schnabel
-999.0,496.5150972302704,363.0928750038147,131,108,5,0.5,1000.0,Zelterman
-999.0,332.5,363.0928750038147,131,108,5,0.5,1000.0,Jackknife k = 4
-999.0,315.05,363.0928750038147,131,108,5,0.5,1000.0,Jackknife k = 3
-999.0,332.5,363.0928750038147,131,108,5,0.5,1000.0,Jackknife k = 5
-999.0,1054.4455357790553,363.0928750038147,131,108,5,0.5,1000.0,Conway-Maxwell-Poisson
-999.0,390.03136718769724,363.0928750038147,131,108,5,0.5,1000.0,Turing
-999.0,278.75,363.0928750038147,131,108,5,0.5,1000.0,Jackknife k = 2
-999.0,219.8,363.0928750038147,131,108,5,0.5,1000.0,Jackknife k = 1
-999.0,493.38235294117646,363.0928750038147,131,108,5,0.5,1000.0,Chao
10.43879143714905,474.6788082122803,257.6788082122803,217,108,10,0.5,1000.0,Pseudolikelihood
-999.0,734.998939070594,257.6788082122803,217,108,10,0.5,1000.0,Turing Geometric
-999.0,222.1505313166417,257.6788082122803,217,108,10,0.5,1000.0,Huggins
-999.0,455.0263157894737,257.6788082122803,217,108,10,0.5,1000.0,Schnabel
-999.0,433.919232249294,257.6788082122803,217,108,10,0.5,1000.0,Zelterman
-999.0,514.2007936507936,257.6788082122803,217,108,10,0.5,1000.0,Jackknife k = 4
-999.0,485.0722222222222,257.6788082122803,217,108,10,0.5,1000.0,Jackknife k = 3
-999.0,530.1759920634921,257.6788082122803,217,108,10,0.5,1000.0,Jackknife k = 5
-999.0,474.50861940696626,257.6788082122803,217,108,10,0.5,1000.0,Conway-Maxwell-Poisson
-999.0,401.50399771838363,257.6788082122803,217,108,10,0.5,1000.0,Turing
-999.0,435.02222222222224,257.6788082122803,217,108,10,0.5,1000.0,Jackknife k = 2
-999.0,352.0,257.6788082122803,217,108,10,0.5,1000.0,Jackknife k = 1
-999.0,433.3461538461538,257.6788082122803,217,108,10,0.5,1000.0,Chao
3.1403996276855493,562.1188430786133,283.1188430786133,279,108,15,0.5,1000.0,Pseudolikelihood
-999.0,743.0448499173639,283.1188430786133,279,108,15,0.5,1000.0,Turing Geometric
-999.0,282.45461851374245,283.1188430786133,279,108,15,0.5,1000.0,Huggins
-999.0,467.6577181208054,283.1188430786133,279,108,15,0.5,1000.0,Schnabel
-999.0,491.99145447263766,283.1188430786133,279,108,15,0.5,1000.0,Zelterman
-999.0,597.7304334554335,283.1188430786133,279,108,15,0.5,1000.0,Jackknife k = 4
-999.0,578.6923076923077,283.1188430786133,279,108,15,0.5,1000.0,Jackknife k = 3
-999.0,595.3000582750584,283.1188430786133,279,108,15,0.5,1000.0,Jackknife k = 5
-999.0,675.4439246842451,283.1188430786133,279,108,15,0.5,1000.0,Conway-Maxwell-Poisson
-999.0,439.1313894620832,283.1188430786133,279,108,15,0.5,1000.0,Turing
-999.0,530.6571428571428,283.1188430786133,279,108,15,0.5,1000.0,Jackknife k = 2
-999.0,439.5333333333333,283.1188430786133,279,108,15,0.5,1000.0,Jackknife k = 1
-999.0,484.44444444444446,283.1188430786133,279,108,15,0.5,1000.0,Chao
5.5124979591369625,475.21660804748535,161.21660804748535,314,108,20,0.5,1000.0,Pseudolikelihood
-999.0,672.9089352121937,161.21660804748535,314,108,20,0.5,1000.0,Turing Geometric
-999.0,316.421060096892,161.21660804748535,314,108,20,0.5,1000.0,Huggins
-999.0,456.6951219512195,161.21660804748535,314,108,20,0.5,1000.0,Schnabel
-999.0,498.50431519097276,161.21660804748535,314,108,20,0.5,1000.0,Zelterman
-999.0,605.3748624011009,161.21660804748535,314,108,20,0.5,1000.0,Jackknife k = 4
-999.0,587.7656432748538,161.21660804748535,314,108,20,0.5,1000.0,Jackknife k = 3
-999.0,613.1033921353628,161.21660804748535,314,108,20,0.5,1000.0,Jackknife k = 5
-999.0,623.8901341379451,161.21660804748535,314,108,20,0.5,1000.0,Conway-Maxwell-Poisson
-999.0,427.9502698117621,161.21660804748535,314,108,20,0.5,1000.0,Turing
-999.0,549.3342105263158,161.21660804748535,314,108,20,0.5,1000.0,Jackknife k = 2
-999.0,470.75,161.21660804748535,314,108,20,0.5,1000.0,Jackknife k = 1
-999.0,480.0060975609756,161.21660804748535,314,108,20,0.5,1000.0,Chao
18.124105072021482,382.445068359375,256.445068359375,126,109,5,0.5,1000.0,Pseudolikelihood
-999.0,676.8418575800855,256.445068359375,126,109,5,0.5,1000.0,Turing Geometric
-999.0,135.61918361412552,256.445068359375,126,109,5,0.5,1000.0,Huggins
-999.0,371.60869565217394,256.445068359375,126,109,5,0.5,1000.0,Schnabel
-999.0,359.6063354173088,256.445068359375,126,109,5,0.5,1000.0,Zelterman
-999.0,302.75,256.445068359375,126,109,5,0.5,1000.0,Jackknife k = 4
-999.0,288.83333333333337,256.445068359375,126,109,5,0.5,1000.0,Jackknife k = 3
-999.0,302.75,256.445068359375,126,109,5,0.5,1000.0,Jackknife k = 5
-999.0,Nonsequential frequencies,256.445068359375,126,109,5,0.5,1000.0,Conway-Maxwell-Poisson
-999.0,313.05568145751545,256.445068359375,126,109,5,0.5,1000.0,Turing
-999.0,258.9,256.445068359375,126,109,5,0.5,1000.0,Jackknife k = 2
-999.0,207.60000000000002,256.445068359375,126,109,5,0.5,1000.0,Jackknife k = 1
-999.0,362.4545454545455,256.445068359375,126,109,5,0.5,1000.0,Chao
