1135,1235,1367,1507,1549,2022,2331,2484,3643,399,457,459,4918,511,5369,55,6560,716,7654,7969,831,8784,975
1031,3082,4207
112,1153,117,1179,1230,126,135,1651,1747,1774,1800,220,2205,225,2354,243,279,2916,299,303,3072,341,357,3839,396,4091,4425,4473,4523,46,4918,4921,499,5243,529,553,56,568,678,684,689,80,8061,808,8393,8618,9399,954
1218,191,441,461,4976,613,618,9296,931
163,1762,2625,27,317,6087,8131
145,181,2427,2503,285,422,448,524,728,951
1284,1878,2006,228,233,2798,2943,3736,4398,442,460,5491,598,6284,6785,692,829,92,926
135,1465,2458,708,827
1184,1321,5379,8175,985
204,397,4486,612,727
101,1026,121,1224,1308,1468,1727,1994,209,2444,2635,2787,282,283,2833,3024,322,329,340,416,4264,459,4741,5024,5071,5381,67,676,7196,7509,769,78,7878,82,881,923
1470,1537,1916,2643,4037,5458,5666,746,8796,913,989
1015,1068,1173,128,1428,154,1671,1794,2029,317,3360,3570,390,4103,4218,521,59,6453,6848,71,717,755,768,769,8987
1068,1116,140,158,161,1675,1676,1687,183,1954,208,2218,2327,24,2423,243,253,2553,268,273,3025,3074,3160,328,3315,3413,345,367,372,3919,407,4102,4167,4394,4418,4555,4678,500,515,5257,5327,564,578,587,63,633,653,6840,691,7,7233,7968,813,8352,844,8943,92,9737,9822,990
111,145,2063,2090,3348,365,372,377,4057,475,5063,5293,567,584,604,752,76,803,9095,9635,969
1005,1085,1233,1241,1254,1333,146,1488,155,1615,1665,1697,203,206,235,247,256,258,2855,2891,2982,299,302,311,357,371,380,3841,4244,4410,570,579,5829,598,5996,611,6362,659,661,6737,732,746,7747,7901,925,994
286,294,302,308,397,677,821,89,917,924
1085,11,1123,1179,1187,1194,1202,121,1258,1272,1361,1499,1526,155,1572,1653,168,169,1883,189,1978,2019,2054,208,21,2177,246,266,2759,299,320,337,341,3547,3634,3726,3731,387,389,394,3999,400,4139,418,426,437,4399,442,456,477,4900,496,504,514,5177,529,5424,606,612,6239,632,676,684,716,83,852,8557,86,8715,874,899,9
1042,126,1343,1791,2209,230,2431,269,2738,2981,3044,310,3198,3199,357,3639,3897,440,4424,450,461,543,566,5916,6050,6424,6885,7124,733,775,829,8345,8588,9491,959,9718
147,1621,184,187,188,191,2084,257,3035,324,3324,333,351,367,4388,4488,563,5866,675,896,947,9498
154,171,2446,2580,259,2885,448,621,7819,783,912
108,1090,239,2491,305,3285,333,446,467,4927,527,5352,83,9207
2379,266,2865
1494,172,586
1342,145,166,1769,1885,251,2546,2743,295,3493,58,6128,615,6328,716,8315,9596
116,196,239,2460,3845,405,5,548,586,749
1862,2489,3022,5505,679,704,805
143,1432,1483,1639,2078,226,246,285,408,447,456,542,6194,792,8424,906,914,986
1029,108,115,1323,1419,1597,1627,1825,1902,1995,201,2039,213,2181,2234,2292,231,253,255,280,287,330,3367,3713,3849,40,432,439,46,5113,541,6177,649,675,711,7504,78,79,800,819,9142,9533,9860
1239,125,1450,163,1725,1832,1871,1953,2102,2222,2256,2271,2342,2466,2536,2571,27,2907,2928,3,3244,326,3342,339,3703,375,382,3892,396,421,4306,4364,4463,497,5,5714,5834,667,677,822,845,916,9237,9768
1118,1180,1207,129,1303,1313,1314,132,136,1396,1430,1438,152,1780,179,186,1867,2087,218,219,227,229,2424,2603,268,304,319,330,340,3415,3439,365,3878,390,3967,405,408,43,4344,4598,482,4874,510,514,532,543,545,549,5899,662,698,709,71,72,746,7596,780,802,809,813,822,828,899,91,9105,92,949,955,9637,966
10,105,1307,1328,15,1649,1668,1832,2168,2343,277,3742,477,4927,6534,724,736,8933,9393,983
1308,1327,1503,17,2157,3040,363,3652,3692,3840,393,4170,440,443,4631,5247,5820,66,671,6766,782,8044,8331
1002,1114,1116,1119,1199,1245,1370,1448,1519,181,186,193,2162,218,230,2801,2889,308,3261,3280,36,3912,402,4033,4336,47,486,497,523,525,55,552,6064,621,8941,9,9118,989
1281,2723,449
1014,1144,1168,119,1206,1236,125,1293,135,1382,1509,1594,1634,1717,1745,1787,182,1876,19,2078,222,2248,2327,2390,2468,2494,251,2743,2758,2939,300,305,310,3108,3240,3357,341,359,3702,385,389,39,395,3977,405,418,4348,4524,473,479,511,55,556,559,578,6022,622,626,668,70,733,7512,754,765,793,8124,8288,83,835,884,9,9037,9084,998
1491,2490,279,2832,478,500,5079,516,610,699,7388,794
1141,1184,12,121,1318,14,141,1582,170,173,175,1797,2077,23,232,235,2382,246,2500,280,2918,2962,297,299,307,32,3327,3344,348,3497,3553,365,428,4440,54,5442,553,5630,567,5732,5799,663,686,690,696,7709,829,8406,9327,9493
1099,1104,1485,1590,167,247,2571,2894,296,2979,315,326,347,354,356,36,4242,4335,4609,486,490,503,581,605,6129,623,6388,652,667,711,7157,717,759,8284,829,8656
1,1003,1200,1857,310,330,380,488,511,5290,7970
1,1161,1193,1354,1597,189,1946,2068,226,2261,267,2892,290,3137,3189,333,395,425,4442,4763,480,572,5847,589,591,6024,6085,617,660,7209,7272,768,88,896
100,113,125,1430,1445,1759,1947,2151,2243,2283,235,236,2482,25,2684,269,2731,274,2891,292,2958,3,3156,319,328,336,352,354,404,441,4782,4923,524,5255,5380,551,5765,665,6929,695,746,83,847,853,8566,883,925,948,999
4550,7656,8467
1291,1323,1344,1456,1508,1528,173,1782,2133,215,2173,233,235,2518,2543,262,2914,292,303,317,3175,327,336,3443,3446,378,381,396,4009,426,517,53,544,579,685,7262,735,759,770,82,820,8247,8262,838,839,846,8952,9270,97
1365,232,2492,302,32,3348,350,70
1248,168,276,3980,403
105,107,1144,1271,131,165,166,167,169,179,191,1960,2223,2256,2275,2321,242,2776,284,291,333,3591,3712,3948,401,402,511,52,5579,591,605,619,667,753,815,950,984,9881
1002,1017,1039,1273,1351,138,1447,1482,1504,1593,1768,236,246,29,314,322,3815,4140,447,520,524,541,5583,6225,66,73,749,7836,846,8840,8916,9637,9825
1,222,2453,433,738,81,9448
270,4433,4805
